epoch,train_lr,train_loss,test_loss,test_acc1,test_acc5,test_ema_loss,test_ema_acc1,test_ema_acc5
0,1.000000000000014e-06,6.9159883000850675,6.893138450734756,0.24600001510620118,0.9020000434541702,6.912292990614386,0.1020000015258789,0.4920000050544739
1,1.000000000000014e-06,6.903954573774338,6.859029552515815,0.3800000170516968,1.5940000604724884,6.910113997319165,0.10000000137329101,0.5060000078010559
2,0.00040080000000000486,6.529000393104553,5.155427697826834,8.120000238990784,22.166000623321533,6.908790649736629,0.09800000061035156,0.506000007019043
3,0.0008005999999999952,6.049420235681533,3.9758172526079067,21.012000562591552,44.03000130958557,6.908933907747269,0.1000000016784668,0.5020000064086914
4,0.001200399999999992,5.674247535800934,3.3709167803035065,29.542000842666624,56.16000150466919,6.910624043029897,0.1000000016784668,0.5000000065612793
5,0.001600200000000024,5.379906292748451,2.9059236338909935,37.93000106399536,65.04800171356202,6.914403636665905,0.10000000122070313,0.5000000074768066
6,0.001998636387080776,5.147319635844231,2.52856943712515,44.12200128326416,70.95200212615967,6.920896672150668,0.10000000122070313,0.5100000077819824
7,0.001998036594786119,4.943740556931496,2.4033882416346493,48.57000131317139,74.97000262283325,6.929198056459427,0.10200000183105469,0.5280000119018554
8,0.001997327904838336,4.773204735732079,2.1387200749972286,51.610001368865966,77.74000254074096,6.938554984681747,0.10200000183105469,0.5160000109863281
9,0.0019965103949532784,4.647096855068207,2.1166965426767574,54.3140014038086,79.78400244873046,6.948393164312138,0.10200000137329102,0.5220000105285645
10,0.0019955841547800715,4.530468553972244,1.9359468629255014,57.776001448059084,82.04200255722046,6.959664804093978,0.11800000350952149,0.5600000152587891
11,0.0019945492858914225,4.430370405220986,1.7919287633369951,59.330001690368654,83.43400251205445,6.970946690615485,0.12200000518798829,0.5820000201416016
12,0.001993405901772395,4.363153052210808,1.7367712583611994,60.486001746521,83.9760024697876,6.973640915225534,0.14000000564575196,0.6800000289916992
13,0.001992154127807911,4.294779508924484,1.8371972928152365,60.99800170501709,84.4380025958252,6.9255976852248695,0.20800001202106475,0.8900000365877152
14,0.0019907941012691044,4.225629174828529,1.6270929645089542,63.53200189163208,86.0860026600647,6.71112789476619,0.6520000288248062,2.640000081386566
15,0.001989325971298189,4.172532679057121,1.609446580576546,64.36200184875489,86.77200258041381,6.139208982972538,3.8980001263904573,11.74000033566475
16,0.0019877498988921443,4.135197504615784,1.5639791878707268,64.67200190048217,86.70200246643067,5.3459380496950715,11.016000311412812,25.89000074687958
17,0.001986066056885134,4.099969333291054,1.5303393545396187,65.68800206192017,87.62600233566285,4.58417551482425,19.200000570220947,39.39800104949951
18,0.0019842746299294275,4.073225228333473,1.516421271597638,66.16400181762695,87.9800024887085,3.9422098994255066,26.844000842208864,50.31200134376526
19,0.001982375814475029,4.024599204492569,1.4733447241870796,66.48200202926635,88.2500025112915,3.4114834753906025,33.764000862045286,58.95400148345947
20,0.0019803698187486067,4.002497801566124,1.4171729655388523,67.2660019265747,88.78400266525269,2.9759375733487747,40.0620011819458,65.7940018838501
21,0.0019782568627301463,3.9762485000133516,1.5025996438720648,67.54800175445557,88.77800240036011,2.6382214641746353,45.49200134925842,71.02000226715087
22,0.001976037178129065,3.9507196954488752,1.4011233696604477,67.55000196395874,89.0400024206543,2.379544584628414,49.57600128479004,74.91400262664794
23,0.0019737110083587897,3.9356867070674895,1.4207931610153002,68.25800208847046,89.39400249954224,2.1779278709607968,53.00000138656616,78.12000234649658
24,0.0019712786085100747,3.9136113818883898,1.3405706676490166,68.63800213439941,89.64600236236572,2.0213733219048557,56.03000141052246,80.51400249053955
25,0.0019687402453230037,3.900544236445427,1.3681763964979088,68.84000198745727,89.60400254547119,1.897508978843689,58.45600147949219,82.38600268218994
26,0.0019660961971576228,3.8776225434541702,1.3505500489298035,69.09600221984863,89.60400237930298,1.796035504078164,60.5740018611145,83.92400258346558
27,0.0019633467539636844,3.8576081805229188,1.4446791903499294,69.22600221603393,89.71800239303589,1.7134304557214766,62.452001738433836,85.17800248901368
28,0.001960492217248551,3.8452556313991546,1.3783210388877813,68.91000222488404,89.64400256347656,1.6426686782609015,64.07800190536499,86.2280024156189
29,0.001957532900044391,3.8343420702695847,1.304785660961095,69.81600238433838,90.24800238067627,1.5818485766649246,65.47400190429687,87.13400278167724
30,0.001954469126873713,3.8261899195194244,1.3030933619422072,70.37000227142335,90.58000264694213,1.5298701351618065,66.66400187652587,87.81400243301391
31,0.001951301233713696,3.800641797184944,1.25194561349995,70.56000208511352,90.64400259933471,1.4816156724358307,67.68600182159423,88.52600260635376
32,0.0019480295679595446,3.8003218016147615,1.2941441424190998,70.41000223327637,90.56800248519897,1.4381687373799437,68.66000187774658,89.14800242904663
33,0.0019446544883863159,3.783417466711998,1.3111275406006504,70.5480020336914,90.73800251037598,1.3972390451852013,69.46400216949463,89.6460024583435
34,0.0019411763651094502,3.7788360012769697,1.2898083885802942,70.41400222305298,90.85600260116577,1.359696400077904,70.1400022543335,90.11600241668701
35,0.001937595579544427,3.7687069920301437,1.2516839723376667,70.87800210098267,90.8960028062439,1.3258747114416432,70.75800230606079,90.47200277114868
36,0.001933912524364705,3.7566138035058976,1.2341978900572832,71.43400235397338,91.09000259597778,1.293760782436413,71.47000217224121,90.81600240127564
37,0.001930127603458811,3.7477062034845354,1.2713304144494675,71.41600220077514,91.0760024545288,1.2634637051207178,71.95800229171753,91.16600247680664
38,0.0019262412318859173,3.7445083032369615,1.246295136563918,71.20800243804932,91.14000233459473,1.2368656705845804,72.4280023602295,91.48400254348755
39,0.0019222538358305567,3.727129560160637,1.163494394872995,71.73200227081298,91.28800251480102,1.21308853170451,72.8260023776245,91.7660025062561
40,0.001918165852555555,3.716722411990166,1.2606236037305172,71.47600235397339,91.1960022190857,1.191445221138351,73.15400241348267,91.95200224258423
41,0.0019139777303543795,3.7101672842025755,1.2266063549939323,71.66800228149414,91.16600251220703,1.172228820183698,73.47200260345458,92.13200229415894
42,0.001909689928501825,3.697474736738205,1.1869722457931322,71.95000234771729,91.4040026359558,1.1528723917024977,73.77200236160279,92.30200245040893
43,0.0019053029172036804,3.7054506962060927,1.244961867656778,71.78800219406128,91.41800266799926,1.1359188589541351,74.01800260253906,92.43000253387451
44,0.0019008171775451953,3.6898121945381166,1.2103361529024208,71.94000239501953,91.28000253433227,1.1202823435339857,74.22200255767822,92.56600262619018
45,0.0018962332014382086,3.6833726026773452,1.1565309326876612,72.05800229705811,91.54600273529053,1.1067876551738556,74.45400254135131,92.66600230926514
46,0.001891551491567408,3.6777300255298613,1.213560644098941,72.14600240463257,91.56800239593505,1.0949606770539986,74.65800246017456,92.81000247817992
47,0.0018867725613350525,3.678685121464729,1.1802401290658642,72.36200187667846,91.75000250091553,1.084704105687492,74.89000247970581,92.9100024684143
48,0.0018818969348046717,3.6693476305961608,1.1578148736015839,72.3300024887085,91.83000264190674,1.0745375348145472,75.0160026852417,93.04000251632691
49,0.0018769251466436497,3.651262466907501,1.1668985063100563,72.63000243026734,91.80600253295898,1.0649424714638906,75.16400271987915,93.11600257232666
50,0.0018718577420645882,3.6570161242961885,1.2314207775189596,72.41800231155395,91.64800278442382,1.0558426668319632,75.3720025050354,93.21200248443604
51,0.0018666952767655116,3.64665742855072,1.1819676432539434,72.34800215209961,91.62400250854492,1.0488794335328482,75.58000265548706,93.28200252624512
52,0.0018614383168689146,3.6472412628412245,1.2089772724053438,72.9080022668457,91.90200278137208,1.041434661978308,75.71000291763306,93.37000269226074
53,0.0018560874388596986,3.6388394770383834,1.1854628726620884,72.85200247497559,92.00800267669678,1.0348742437713288,75.85600304351807,93.40800273132324
54,0.0018506432295219242,3.6353497069120406,1.1661990637726642,72.71600242019653,91.8780026713562,1.029357203118065,75.99400269958497,93.48000263641357
55,0.0018451062858745107,3.63215906624794,1.166954846943126,72.93600249694825,92.050002580719,1.0241902428953087,76.07400242401123,93.55400257339477
56,0.0018394772151057051,3.6227376650571825,1.1517579150112236,73.11600244476318,92.01800252014161,1.0194140762528952,76.14400245162963,93.58200248275757
57,0.00183375663450656,3.6160010397195816,1.1679422641720842,73.45600258346558,92.10600248916626,1.0154673197471045,76.2480026223755,93.66200244812012
58,0.0018279451714031726,3.6132252497911455,1.1589628646478933,73.10000239761352,91.93200257720947,1.01087058861466,76.35200262451171,93.69400232650757
59,0.0018220434630880139,3.6075697345495223,1.1676822519477676,73.2600026524353,92.00200243377685,1.007171699338976,76.51800257843017,93.72200236740112
60,0.001816052156749922,3.6003969661712647,1.1368859294144547,73.09600235565186,92.20400262237548,1.004170314354055,76.57800265060425,93.76800243850708
61,0.0018099719094030562,3.607438304114342,1.1156689568477518,73.42400251373292,92.2000023904419,1.0008403382757132,76.69200246780396,93.80400261428834
62,0.0018038033878151612,3.604222617959976,1.1612364659633707,73.41800242675781,92.35800251098632,0.9972991044907009,76.80000240219117,93.84000265060425
63,0.0017975472684340769,3.5948351226568223,1.1656952059882528,73.24000245925903,92.10000258529664,0.993684321641922,76.91400265182494,93.8820025920105
64,0.001791204237313821,3.5923991361141203,1.2330634718870415,73.12000237808228,92.09800242843627,0.9911548784550499,76.96800246200561,93.91600261154174
65,0.0017847749900392373,3.570719549417496,1.0866253270822412,73.80400264129639,92.32600235549927,0.9880911197294208,77.00000241317748,93.96000268692016
66,0.0017782602316496962,3.5791255014181136,1.1195543857620043,73.90000245117187,92.33800269866943,0.9858388579724466,77.14600261291504,93.98800255996704
67,0.001771660676561891,3.5752574831962587,1.176486611366272,73.59200250564575,92.25200265304565,0.9833180380656439,77.19800264755249,93.99400275802613
68,0.0017649770484914644,3.568343346619606,1.1186476858223187,73.66000259841918,92.5000025944519,0.9807787775335943,77.29800232238769,94.01600258758545
69,0.001758210080373487,3.574200630092621,1.1340811071807848,73.97600262619018,92.40400249420166,0.9789368604474208,77.35800252044677,94.04200271453857
70,0.0017513605142822869,3.5754405876636506,1.1498297369655441,73.63400225234986,92.29800248214721,0.9766174839699969,77.43000268814087,94.03600261245728
71,0.0017444291013499953,3.5558421716451645,1.1117665592361898,73.94000271881103,92.53000288162231,0.974862461361815,77.47800248321533,94.04800255386353
72,0.0017374166016841382,3.5591769384384153,1.1231001611141598,73.93600253189086,92.52600244522095,0.972582807764411,77.51000250701904,94.10000258758545
73,0.0017303237842842885,3.547963673782349,1.137534331968602,73.88200248199463,92.58000265029908,0.9704249044332434,77.57400236541748,94.16600252197266
74,0.0017231514269578777,3.5561490372419358,1.0852451002334846,74.26400247039795,92.62800254013061,0.9679093351039816,77.61200237472534,94.16800250244141
75,0.0017159003162346125,3.5382446140289305,1.0829884071341331,74.16600254974365,92.5820026109314,0.9660467502167996,77.69200256011963,94.21600242156983
76,0.0017085712472806275,3.548169917583466,1.0998804815770948,74.10800242706298,92.59000236175537,0.9640085293966181,77.76000265777589,94.23800261688233
77,0.0017011650238107929,3.533519812822342,1.0808895293842344,74.40600251846314,92.75800228393555,0.9622571812394787,77.86000280868531,94.29200245529175
78,0.0016936824580010494,3.5322887502908706,1.060138929854421,74.51000268234253,92.8180024494934,0.9602966213270145,77.96400277496338,94.310002396698
79,0.0016861243703990485,3.532713746023178,1.068920569932636,74.30000252090454,92.8680024887085,0.9588184312862509,78.05400267303467,94.33800266479493
80,0.0016784915898342418,3.520208049654961,1.0678986372316586,74.36000236846924,92.7900024017334,0.9574331258807112,78.12000250427246,94.36600262573242
81,0.0016707849533270642,3.5184194645404814,1.0999338013284348,74.74600236251831,92.8780026248169,0.9560290307683104,78.18000278320312,94.41600256271363
82,0.001663005305997046,3.5171016144633294,1.1089060234234613,74.58200249206543,92.76200246795655,0.9542607106268406,78.22200253356934,94.4460025920105
83,0.0016551535009701407,3.51796815956831,1.139322240563,74.30000248565673,92.7100026486206,0.9526169979396988,78.19600252380371,94.43400280410766
84,0.0016472303992853554,3.5079441331386567,1.0611702832667267,74.57000243408203,92.75200270553589,0.9510292121592689,78.24000229919433,94.47000278900147
85,0.001639236869799943,3.5161848789453507,1.0520664433784344,74.5840025239563,92.93200242721558,0.9499486284878325,78.25800243164062,94.4720026815796
86,0.0016311737890946031,3.5116987181663513,1.1304377661470104,74.58400241516114,92.83600264053345,0.9485120883978465,78.29800232681275,94.5020026159668
87,0.0016230420413768944,3.5043757321596147,1.0539838476654362,74.68600250305175,92.9400025994873,0.9474200133015128,78.33800253631591,94.49800274993896
88,0.0016148425183847227,3.5064131374835967,1.0660505099769901,74.74800224975586,92.8660025164795,0.9467018115169862,78.35800249557495,94.47800271087647
89,0.0016065761192880518,3.4904092148065566,1.0598301430616308,74.87400267532348,93.00400254333496,0.9458977024563971,78.4540024371338,94.50000281829834
90,0.0015982437505908042,3.5003432677507402,1.0181879665264313,74.800002502594,92.96800256668091,0.9448183810009676,78.51800230926514,94.53000271621704
91,0.0015898463260309926,3.4812105730175973,1.0720919769476442,74.70600254302978,92.86400233764648,0.9428188009735416,78.57000259948731,94.5480025253296
92,0.0015813847664809548,3.487816295361519,1.1015925296746634,74.79000253585815,92.9140023475647,0.9410055768402183,78.59200243621827,94.55600268157959
93,0.0015728599998460196,3.482462313449383,1.0987543253337635,74.9560026649475,92.9500025956726,0.9391967297038611,78.62600243347168,94.60800270111083
94,0.0015642729609628499,3.473911814928055,1.057827447705409,75.02200249542237,93.0140026750183,0.937859126531026,78.68800256851196,94.65600273040772
95,0.0015556245914971397,3.4770197859287264,1.082549557528075,75.30400247314454,93.29600274780273,0.9364575662595385,78.69000240951539,94.68200274017335
96,0.00154691583983993,3.485789272582531,1.0585061451968025,75.28800220397949,93.0960026197815,0.9351077316438451,78.69400264938355,94.69600254486085
97,0.0015381476610041088,3.4723595273256302,1.0754585142302162,75.28200252792358,93.19200261291503,0.9334616115426316,78.74400250457764,94.69200255462647
98,0.001529321016519175,3.45848722345829,1.0859423836364466,75.38000253646851,93.16000253173829,0.9323141774272218,78.78200237487793,94.71800265228272
99,0.001520436874326258,3.4704926877141,1.067473647349021,75.18000273284912,93.09400250106812,0.930698049857336,78.72800241226196,94.73400270111084
100,0.0015114962086716307,3.459198626375198,1.0948113796903807,74.99200241378784,93.07400265899658,0.9291953585822793,78.7940024557495,94.73400277496337
101,0.001502499999999986,3.4586057482004167,1.0443384017357056,75.30200259506226,93.1460025793457,0.9277840589775759,78.83000251434326,94.78800280426026
102,0.0014934492348470658,3.454650658714771,1.028807451838956,75.49000276687622,93.03000263504029,0.9268305370693698,78.88600258270263,94.80600277496337
103,0.0014843449057312158,3.448124396455288,1.0523788102847689,75.45800261016846,93.21600241592407,0.925568424822653,78.94200237335205,94.8280026550293
104,0.0014751880110447145,3.4471544221162795,1.0527381914503433,75.44000258148193,93.2880025553894,0.9239624463679159,78.98200220199585,94.84200258392335
105,0.001465979554944238,3.4424767992138863,1.048775709946366,75.74200252349854,93.22800266418457,0.9222373025601401,78.98000243362426,94.84800261322022
106,0.0014567205472408619,3.441894518721104,1.0643773070153069,75.49400254348755,93.19200219573975,0.9210244245169794,78.98600247802734,94.85000256439208
107,0.0014474120032890111,3.437354599928856,1.0389376554419012,75.72200273254394,93.37800251876831,0.9197670598240459,79.08800263870239,94.86800258666992
108,0.0014380549438754759,3.4312920881032944,1.0158755964435198,75.67000267181396,93.32800269088744,0.918442510177984,79.1360025062561,94.88000255737305
109,0.0014286503951072302,3.4294408517599106,1.0913339569507277,75.73000248184204,93.35200281539917,0.9173003129441949,79.18200262786866,94.88000246948242
110,0.0014191993882991215,3.4263119460701943,1.0642892951693605,75.51600227874756,93.27200277679444,0.9160891433849054,79.17600238647461,94.91600258666992
111,0.0014097029598604254,3.434086247289181,1.0192878037033712,75.9220025604248,93.42800249023438,0.9148226016584564,79.20000273101806,94.91800262573243
112,0.0014001621511816294,3.4277114406108855,0.9945590232005891,75.9800024847412,93.44800258163453,0.9134693730841664,79.27800255523681,94.93000267715455
113,0.0013905780085198332,3.4282281808018684,1.0485359077506207,75.73000252563476,93.37400257202148,0.9125532679917181,79.25600224273681,94.91200267715455
114,0.0013809515828843947,3.407106874537468,1.0183928790776169,76.08200270553588,93.49000247833251,0.9110149640370818,79.25400229156494,94.94400248184203
115,0.001371283929921252,3.4100187715768815,1.014507231357343,75.91800255050659,93.47000260971069,0.9098294508807799,79.26800235290527,94.90800262832641
116,0.0013615761097975846,3.410618411707878,1.0200824808767612,76.02000249084473,93.5540022782898,0.9087285701842869,79.29600230682372,94.9280026966858
117,0.0013518291870852068,3.4066673193573953,1.0472240784369848,76.02200250076294,93.66200261535644,0.9081841104609125,79.30800249069213,94.97200282363892
118,0.001342044230644075,3.401817921280861,1.028056222726317,75.97600238418579,93.54200218414307,0.9065102273050476,79.39400249343872,94.97600274810792
119,0.0013322223135049062,3.4032248755097387,1.0270320227479233,76.25000234558105,93.77800237670898,0.9058770504506195,79.44200237625122,95.000002681427
120,0.0013223645127515833,3.39633409178257,0.9969434911275611,76.52200261276245,93.78000271591186,0.9040901816504843,79.45000256896972,95.012002681427
121,0.0013124719094030836,3.386451248526573,1.0520427904146559,76.27200238098145,93.64400267333984,0.9033656858784311,79.48800244644166,95.01800264511108
122,0.0013025455882947966,3.3950664556026457,0.9995592231040492,76.51400256027222,93.8320026109314,0.9024416750625652,79.52600233200073,95.0260026548767
123,0.0012925866379597335,3.384543180823326,1.004798913045841,76.4160026071167,93.85600258163453,0.900806587518138,79.5120023878479,95.05600258209229
124,0.0012825961505090464,3.3844326825380326,0.9681014985065249,76.76800243637085,93.71400248062133,0.8999064306125921,79.52400248382568,95.08200262115479
125,0.0012725752215121742,3.375990846931934,1.0378882177174091,76.4800026789856,93.70200237243652,0.898558152401272,79.4900024571228,95.10000272323609
126,0.0012625249498769997,3.3740878008484843,1.0426517582553274,76.0940025302124,93.70600239105225,0.8973878424833802,79.55800256195069,95.13000260604858
127,0.001252446437729036,3.373553451049328,1.0074590553036507,76.54000255447387,93.81800268936158,0.8966410049401662,79.59600264526367,95.1620026158142
128,0.0012423407902906966,3.367062977540493,0.9761452621177715,76.7780026600647,93.78600241592407,0.8957986370386446,79.57400268432617,95.15000264511109
129,0.0012322091157600879,3.3714792172431944,1.0273027686292635,76.46400252700806,93.78400262420654,0.8953179375213736,79.56800253082275,95.19200251373292
130,0.0012220525251895782,3.3650144414305685,1.0237663738867815,76.58000220855713,93.8160027886963,0.8948670767028543,79.56200237731933,95.19800263092041
131,0.0012118721323636577,3.371424990463257,1.0157084117698318,76.72200249130249,93.82800249649048,0.8939349525334204,79.568002318573,95.20000253768922
132,0.0012016690536772385,3.355018755018711,0.9985590262667221,76.3980022782898,93.72000259140015,0.8927392190431848,79.58600249435425,95.23000259628296
133,0.0011914444080127838,3.350908057808876,1.0029442039701868,76.58200255447387,93.66600271606445,0.8920391720226583,79.630002525177,95.25600228378296
134,0.0011811993166179777,3.350901471924782,1.0120587568072712,76.9100023550415,93.97200267150879,0.8910187836736441,79.69200247634888,95.26400239654541
135,0.0011709349029825147,3.3491050968527794,0.9991877884330118,76.72600248825073,93.87600269348144,0.8903808407485485,79.6660024079895,95.28000250396728
136,0.0011606522927150125,3.3441278930187224,0.9790900572038749,77.03600252304078,94.01000269638061,0.8887769314734375,79.71200239822387,95.29400247024536
137,0.0011503526134195895,3.342122398304939,1.040434324346921,77.11400238388062,93.95800251525878,0.8874164589625948,79.73600239822387,95.29600248001098
138,0.0011400369945721316,3.3449873147249223,0.9890108416404795,77.22600254730224,94.04400256958007,0.8861479137969368,79.72800242492676,95.28000267974853
139,0.0011297065673964897,3.3393488988518714,0.9796821559395861,77.15800251739502,93.94400265899658,0.8852475080639124,79.76000252960205,95.29800264953613
140,0.0011193624647404161,3.3314306235671043,0.9978648934732465,77.21000250778198,94.06400246810914,0.8842190471203888,79.81600263442994,95.31200265930175
141,0.0011090058209513058,3.3277700743317604,0.9913030149524703,76.95200234649658,94.13200233963013,0.8831952693050399,79.84200269577026,95.35000267715454
142,0.0010986377717519076,3.3172216565608976,0.9963608981274507,76.79000248596192,93.95800262634278,0.8820184429778772,79.88200277389527,95.33000272598267
143,0.0010882594541156475,3.327732216799259,0.9461941571139237,77.4060025491333,94.17200263885498,0.8805125868495773,79.94000244186401,95.36400260604859
144,0.0010778720061419887,3.3140259336471556,0.9680592078058159,77.39800242248535,94.11400238388062,0.8796242924735826,79.96400257324218,95.37000248886109
145,0.0010674765669316634,3.316276581025124,0.9738852375132196,77.520002527771,94.23400249206543,0.8785440591985688,80.00200249511718,95.35400251373291
146,0.0010570742764617331,3.302952848291397,0.9682095324730172,77.27000237030029,94.072002653656,0.877297343357521,80.02800273925781,95.36000272689819
147,0.0010466662754605642,3.3068105313539506,0.9747661390506169,77.4880025616455,94.19600253494262,0.8763905922498774,80.06400259979247,95.38000256088257
148,0.0010362537052827404,3.3062200770258903,0.9812800633337568,77.30600249984741,94.13800246459961,0.8758351370034849,80.12400265136719,95.3880025706482
149,0.001025837707783939,3.295299285888672,0.9824275204583126,77.31600260009766,94.19600265975951,0.874291699817952,80.16800261764526,95.40200266021729
150,0.0010154194251956715,3.2987277161359785,0.9964332540026483,77.55200243347169,94.18800259277344,0.874014151885229,80.18000266113282,95.39600265319824
151,0.0010049999999999998,3.295046679186821,0.9557221953702324,77.40000265213013,94.27800240783691,0.8730411908644087,80.22200264694214,95.41800259185791
152,0.0009945805748043269,3.2929111315488817,0.9592140925062054,77.7460025894165,94.36000255172729,0.8725802562035182,80.2180025253296,95.43400263366699
153,0.0009841622922160595,3.2842803353905676,0.9702121964929735,77.69200246582031,94.26600234832763,0.8721252635997885,80.23800257141113,95.46600254745483
154,0.0009737462947172567,3.2873746665477754,0.9914561326012892,77.38400257369995,94.22200261123658,0.8716696041690952,80.27400246841431,95.44400260879516
155,0.0009633337245394507,3.2863622143626214,1.0227224715054035,77.7100025830078,94.3340024610901,0.8714383197400499,80.26800245422363,95.46200257141113
156,0.0009529257235382671,3.2603630143761633,0.9333817383603138,77.94600272567749,94.33800238586426,0.8694240053129547,80.33800275161744,95.47600258117676
157,0.0009425234330683322,3.2752218107938766,0.9651327071820989,77.84400282012939,94.42000254531861,0.8683761914863306,80.31600267349243,95.48400253234863
158,0.0009321279938580015,3.2694693756937983,1.0050747541382032,77.51000251403809,94.31800230499267,0.867476762546336,80.3300025743103,95.49600264953614
159,0.0009217405458843428,3.2680732367396357,0.9356382789418978,77.95800232208252,94.47400259017944,0.8663598852341666,80.36000258941651,95.49400260345459
160,0.0009113622282480682,3.255735679602623,0.9618685015422457,78.03400269363404,94.49800242019653,0.8646320607513189,80.38200234436034,95.51800251556396
161,0.0009009941790486906,3.260472604680061,0.9457850717008114,78.22600249710084,94.52200243560792,0.8634353547411806,80.43400268615723,95.52200257858276
162,0.0008906375352595949,3.2453982195973397,0.9079680126160383,78.14600244979859,94.42800234848022,0.8624301702879807,80.4820026651001,95.54600260787964
163,0.0008802934326035285,3.2537782166123392,0.9519559914136634,78.20000280227661,94.52800245056153,0.8615332620547098,80.52400264984131,95.53400257858276
164,0.0008699630054278571,3.242914604616165,0.9554772832814384,78.08600270462036,94.43200259017944,0.8601068580413566,80.57600276535034,95.53400257858276
165,0.0008596473865803981,3.2464906786203382,0.9143318974358194,78.22200229263305,94.68800260040283,0.8593448301886811,80.5900026649475,95.54600260787964
166,0.0008493477072849636,3.231916930425167,0.9289512832594269,78.23800240890503,94.66000248611451,0.8586508094826165,80.62000289932251,95.5700024836731
167,0.0008390650970174776,3.23334452136755,0.9345031750991064,78.3200024923706,94.55800258926392,0.8578748168314204,80.6000027571106,95.56600246414185
168,0.0008288006833820217,3.2382844767570496,0.9205386952004012,78.6680026763916,94.68800257858277,0.8572918887743178,80.62000265075683,95.57600257858276
169,0.0008185555919871931,3.224311683166027,0.9209400002351579,78.57600267303467,94.63400263000489,0.8568999484619674,80.66000267623902,95.58000253952027
170,0.0008083309463227669,3.228901975250244,0.962414662956315,78.32600252426147,94.5340025881958,0.8563791973625913,80.70400278106689,95.57600246139526
171,0.0007981278676363329,3.2168763120651245,0.9091703908189255,78.38200244308472,94.59200253509522,0.8557850812726161,80.70200275711059,95.58200246139526
172,0.000787947474810435,3.2173705965518953,0.9041664683643509,78.66000248413086,94.66000263366699,0.8550809806979754,80.71200252807617,95.58000256881714
173,0.000777790884239903,3.205017227113247,0.9392317637582036,78.46000234329223,94.73000253494263,0.8547944307108136,80.73200264083863,95.6100026789856
174,0.0007676592097093228,3.2058131253004074,0.9426759730147964,78.44600252990723,94.66000246490478,0.8540545406148714,80.76200261154175,95.61200274734497
175,0.0007575535622709732,3.1979714758992195,0.919174121802344,78.7580027053833,94.7340027029419,0.8530784951632514,80.84000255203247,95.61000253250123
176,0.0007474750501230004,3.1994076760053636,0.9288496212924228,78.7120023060608,94.69600258209229,0.8528728935429278,80.87000244110108,95.62600258834838
177,0.0007374247784878152,3.200156492125988,0.9651630112134358,78.62600263259888,94.72000255996704,0.8523675162783441,80.89200257965088,95.67400252975465
178,0.0007274038494909776,3.188849762201309,0.9187982308075708,78.62000260223388,94.7820024887085,0.8516283485600177,80.89000268707275,95.69000257858276
179,0.0007174133620402438,3.193159582531452,0.9091910846969661,78.80800267059327,94.868002477417,0.8511322393794271,80.89600267288208,95.70200272506713
180,0.0007074544117051817,3.182757107758522,0.9087174167747006,79.03600251083374,94.79800257492066,0.8498774959760553,80.90200280517578,95.74000289657593
181,0.0006975280905969228,3.18435611692667,0.9014366250485182,78.97000251953125,94.85200270645142,0.8490591173005455,80.89200258056641,95.7460028086853
182,0.0006876354872484249,3.182498877072334,0.906789576744332,78.99000252761842,94.80600246658325,0.8482147495755378,80.91400273147583,95.77400292312622
183,0.0006777776864951158,3.1773166761398315,0.9161960026797127,79.0420025617981,94.95000272445678,0.8473377412952044,80.93400273422242,95.75600277664185
184,0.0006679557693559266,3.1737777599930763,0.9114385276813718,79.1140025541687,94.91400276748658,0.8458341340370038,80.98200259490967,95.79000258407592
185,0.0006581708129148005,3.1558469940543175,0.9104705139556352,79.00200271026611,94.83200248443603,0.8444331465836834,81.00200256118774,95.80400261505127
186,0.0006484238902024218,3.165692995607853,0.9014478351044304,79.17800265319825,94.97000254440307,0.8433452937752008,81.04600259323121,95.79800249786376
187,0.0006387160700787467,3.155842489206791,0.8867877459920505,79.22800255523681,94.99400244110107,0.8423323477892315,81.04000241729736,95.79400243484497
188,0.0006290484171156273,3.1542645478606226,0.8961930033915183,79.26600254196167,94.99800256256104,0.8413968295516336,81.04800241195679,95.78800255203247
189,0.0006194219914801667,3.148163565695286,0.8942710768212291,79.20400248031616,94.8900026928711,0.8407915443839395,81.06200230438232,95.81000239578248
190,0.0006098378488184019,3.155024065232277,0.8981844055302003,79.43800256088257,94.9460025428772,0.8405663036905667,81.10000246780396,95.78800231765747
191,0.0006002970401395845,3.140143468642235,0.8907107519095435,79.3600024887085,95.06200266189575,0.8399287563036469,81.13800247055053,95.8020024446106
192,0.0005908006117009099,3.1338902827620507,0.8858742417000672,79.364002603302,94.94800261856079,0.8392605432035292,81.17200248901368,95.81800229537964
193,0.0005813496048927555,3.1368326693296433,0.8906873328720822,79.63600267272949,95.05200245239257,0.8381716012954712,81.1660023487854,95.82000245880127
194,0.0005719450561245304,3.1297792961359026,0.8974151674877194,79.56000256469727,95.16400247009277,0.8374508485636291,81.21200261184693,95.83600250061035
195,0.0005625879967109951,3.129911922609806,0.874356449526899,79.62800285308838,95.12800253082276,0.8372772589106771,81.2640026171875,95.84800264709473
196,0.0005532794527591455,3.126215186667442,0.8825807880391093,79.50800262405396,95.17200265060424,0.8367731714730754,81.27200244400025,95.8720026763916
197,0.0005440204450557438,3.1173627453923225,0.8947159834206104,79.48400247909547,95.19000248077393,0.8353606816381216,81.27800259048462,95.86400266662598
198,0.0005348119889552909,3.1155858578920363,0.8911444888833691,79.62400257583619,95.19400287628174,0.8343243750140947,81.3180025151062,95.89400260803222
199,0.0005256550942687902,3.1179494517803192,0.8663127425619784,79.80400264068604,95.28000250335694,0.8337677788427648,81.37800242721558,95.91000253967285
200,0.0005165507651529403,3.1026488898158076,0.9006807520328199,79.61800240798951,95.1760026397705,0.833203682456823,81.41200249008179,95.91600256896973
201,0.0005074999999999954,3.0965869556427004,0.855602398624315,79.53600249191284,95.15200254501343,0.8322548304191407,81.40000259216309,95.92600261779785
202,0.0004985037913283765,3.096616929078102,0.9009703978457871,79.73800226181031,95.19400242660522,0.8316461180939394,81.40800244033814,95.95800265686036
203,0.0004895631256737371,3.0921520263552664,0.867764901041108,79.82000236175537,95.33200239120484,0.8307760500294321,81.46200271911621,95.94800255645752
204,0.00048067898348080857,3.081593377506733,0.8983567291322876,79.84200253494262,95.21400240829468,0.82985169352854,81.49200262405395,95.95000253692626
205,0.0004718523389958997,3.0881494848251343,0.8768195313785005,79.87800257949829,95.28800269683838,0.8289445132455405,81.51200238433837,95.9640025982666
206,0.00046308416016005297,3.085555432212353,0.8714113009764868,79.92600249389649,95.19200239700318,0.8280232156462529,81.51400246780395,95.97400272079467
207,0.0004543754085028727,3.090498280119896,0.8531658540972892,80.05000267181397,95.23800270812988,0.8272509086219704,81.53000253082276,95.95200252548217
208,0.0004457270390371328,3.080989239060879,0.8672890021082234,80.09400267471314,95.41600205505371,0.8264093001318329,81.56000261169433,95.95800270126342
209,0.00043714000015399046,3.0690077996253966,0.8536958743763321,80.32000242965698,95.44200271728516,0.8252153841449934,81.57800256011963,95.99200262588501
210,0.00042861523351903384,3.065543681716919,0.8587909860207754,79.96000243026734,95.30400244476319,0.8243517970994991,81.57200264801025,95.99600255752563
211,0.00042015367396899144,3.06263956258297,0.8384647259817404,80.16400252624511,95.43800250595093,0.8233726214179221,81.57800266326905,95.98600243499756
212,0.00041175624940920726,3.059413209831715,0.845862443175386,80.30200234893799,95.45800270050049,0.8224857871365898,81.58800269683837,96.01400251312256
213,0.0004034238807119345,3.0611083272337916,0.8491045462296289,80.0880023602295,95.45000242019654,0.8214325063368854,81.56600267730713,95.99600271820069
214,0.00039515748161528426,3.0514882607340814,0.8427006521207445,80.3140022758484,95.43600245147705,0.8203038838418091,81.63400265777588,95.98400295257568
215,0.00038695795862308516,3.0514052995324135,0.8654500655829906,80.16000268218994,95.43000239395141,0.8195560677524876,81.66400268096923,96.00600267913818
216,0.00037882621090540883,3.045761688899994,0.8383214286364177,80.43400247283935,95.52800250457764,0.8187571093440056,81.67200252197266,96.02600274749756
217,0.0003707631302000487,3.042468836951256,0.8454025177394643,80.33200270828247,95.47000243484497,0.818120452849304,81.68200261520386,96.03800265960693
218,0.00036276960071466473,3.0399370915174484,0.8146776080350665,80.35800254318238,95.46600282638549,0.8178202022305306,81.71600271453858,96.04600258148193
219,0.00035484649902984313,3.035298873102665,0.8221949147170081,80.50600284759521,95.53000246398926,0.8170711486874258,81.73200268356324,96.04400271820069
220,0.00034699469400296305,3.0295471328139305,0.8592756765291971,80.38000267913819,95.46600243041992,0.8164270868634477,81.73400253967286,96.01000269866944
221,0.0003392150466729394,3.017693307566643,0.8458078623037127,80.49200251464843,95.50800267272949,0.8158814467708854,81.73800258850098,95.99600274032593
222,0.00033150841016574967,3.0179271277308466,0.8223131806315744,80.65200260055542,95.57800249343872,0.8147774408845341,81.75600260971069,95.98800275985718
223,0.00032387562960095584,3.0118626526236536,0.8255699579330051,80.72000234680176,95.59200260009766,0.8142418533782748,81.76800268249512,96.00600284072875
224,0.0003163175419989479,3.0156389900922775,0.8358654512421173,80.72600253051758,95.65000234695435,0.8138648490695393,81.78000253601074,96.00000275985718
225,0.00030883497618919975,3.0058202028989793,0.8399988874135649,80.73200252365112,95.61000245956421,0.8132475525798166,81.81400265762329,96.02800261077881
226,0.0003014287527193815,2.998682300364971,0.8283419600304436,80.90400258605958,95.59800256881714,0.8124171688276178,81.79800269668578,96.03400261077881
227,0.0002940996837653622,2.99149032728672,0.8141344879918239,80.8380027696228,95.63600255035401,0.811222796821419,81.798002631073,96.01800278213501
228,0.0002868485730421277,2.9973045709252357,0.8417917649973842,80.8100025743103,95.65400267456054,0.8104299939073184,81.81800268539429,96.04000266220093
229,0.00027967621571569945,2.986948378407955,0.8363735986983075,81.01000259094238,95.68400272628784,0.8096087306518766,81.84600249984742,96.0560025352478
230,0.00027258339831586544,2.987669630432129,0.818573552348158,80.83800265350342,95.67400278045655,0.8083839736440602,81.87400261428833,96.07600260360718
231,0.00026557089864999076,2.971595965063572,0.8458566298598752,80.72000261856078,95.69600252914428,0.8070935134721153,81.91400247924804,96.08600268173218
232,0.0002586394857176932,2.980453573167324,0.8233063543105826,80.93000264068604,95.71600250946045,0.8067535495056826,81.92800266479492,96.09600264266967
233,0.0002517899196265051,2.9750754034519193,0.8081301767379045,81.03200259628296,95.71000242675781,0.8056411840679014,81.9000024987793,96.10400259384156
234,0.00024502295150853127,2.969411096954346,0.8242071889998281,81.07600244430542,95.65000252853393,0.8046413209727582,81.94200242507935,96.10200243759155
235,0.00023833932343808823,2.9629429309129716,0.8088168533628478,81.11000269943237,95.67000248901367,0.8038002483765868,81.950002318573,96.11800246414185
236,0.0002317397683503114,2.9623766964912415,0.81078369225211,81.07000253311158,95.81600255630494,0.8029306203346042,81.95800245254516,96.1160024836731
237,0.0002252250099607895,2.9594666849970817,0.8236369971624192,80.99000243667602,95.72600252090454,0.8023513292565065,81.96600256530762,96.15400246414184
238,0.0002187957626861865,2.945190752124786,0.8221574460758883,81.01600237976074,95.72600255737305,0.8020418979884947,81.95400267440796,96.14000242507935
239,0.0002124527315659233,2.952760106110573,0.8262977360145134,81.20200250396728,95.77800258407592,0.8010821183595587,81.93000252090454,96.16800253250122
240,0.00020619661218483946,2.942723388385773,0.801860449506956,81.10800254302978,95.83000247924805,0.8001843146322405,81.95200254043579,96.19000258132935
241,0.00020002809059692627,2.9393514685630797,0.8250944295569378,81.22400246505737,95.8360026902771,0.7995724436991355,81.95000263381958,96.18000247390746
242,0.0001939478432500911,2.936631356561184,0.8249425266814583,81.26000267745971,95.89000266204835,0.7988155005390153,81.98800276794434,96.18400255203247
243,0.00018795653691196305,2.934627190864086,0.8039928301073173,81.39600241104127,95.8680024446106,0.7978757364565835,81.94600262145997,96.1860024446106
244,0.00018205482859681336,2.932937667918205,0.8030357839649215,81.39000255737305,95.94400258850098,0.797120779643164,81.92800268005371,96.18600259109498
245,0.00017624336549345047,2.9311875967502594,0.8041521372163997,81.44800265762329,95.8760026737976,0.7958251357297687,81.91600260620118,96.19400263015747
246,0.0001705227848943048,2.9294622289538386,0.8150146119296551,81.42400254745483,95.94600254043579,0.7953701615333557,81.94600261322022,96.19400265945434
247,0.0001648937141254942,2.925247928571701,0.7904669143916929,81.38800257125854,95.87800270660401,0.7943590238471242,81.94800253509521,96.17800258132935
248,0.0001593567704780698,2.9150496633052825,0.8101006189689917,81.56200242218017,95.94200257156372,0.794080966974006,81.97000249603272,96.20800269851685
249,0.00015391256114029412,2.9060175946593283,0.8000117711284581,81.37400234802246,95.99200243484498,0.7932377127820954,81.98200234954834,96.2100027961731
250,0.00014856168313107535,2.9057117242574693,0.8103870934642413,81.51200246536254,95.97800242507934,0.7930257733473006,81.98000246505737,96.20400270828247
251,0.00014330472323448315,2.904133854544163,0.8026070502751014,81.58600257797241,95.95000254394532,0.7919904926024816,82.00000241622925,96.1920026789856
252,0.00013814225793541218,2.910027774035931,0.8000822853954399,81.69200247329712,96.02400241531372,0.7915024033144993,82.05000257247924,96.20600265945434
253,0.000133074853356355,2.9010039621949195,0.8011547287597376,81.54800256118774,95.97200253540039,0.7902197740314638,82.02400244552612,96.20800246414184
254,0.00012810306519533426,2.8919699176311493,0.7961699228514644,81.6560027005005,96.00000238616943,0.7901337955366162,82.016002552948,96.20600251296997
255,0.00012322743866494126,2.8912909731030463,0.8002534449538764,81.54600257949829,95.96200263290405,0.7895330006585402,82.04200256271362,96.20600251296997
256,0.00011844850843257506,2.896294185578823,0.7872068132547771,81.83600249435425,95.99600265258789,0.7890892543775194,82.04000261154175,96.20200258132934
257,0.00011376679856178596,2.888281577026844,0.794005327474545,81.72600264648437,96.05000254959107,0.7881964983089882,82.08000266036987,96.21200257156372
258,0.0001091828224548179,2.875577492761612,0.7943435465807424,81.75600254348755,95.98000247131348,0.7873125122312237,82.07200243850708,96.18800244735718
259,0.00010469708279631187,2.8767094890117644,0.7981472622384044,81.74400256652832,96.01800217285157,0.7871597936267362,82.09600243850709,96.2100023789978
260,0.00010031007149816745,2.876227557861805,0.7890290101880536,81.77000249328613,95.98400251998902,0.7864240869222319,82.09800247055054,96.18600240127563
261,9.602226964561254e-05,2.879857081615925,0.7881778828142321,81.91000243743896,96.06200250595093,0.7857968088458566,82.08800256820679,96.20800245010376
262,9.183414744443804e-05,2.8708467971086504,0.7936033263583394,81.87200249359131,96.04200246002198,0.7857969505164553,82.09800243423462,96.222002313385
263,8.774616416944161e-05,2.8692067890048025,0.8033383345121846,81.97200262435913,96.03800252822876,0.7847508536103893,82.14000275650024,96.21400236221314
264,8.375876811405484e-05,2.862865873467922,0.7809592271771502,82.11600242630004,96.03000249633789,0.7845262395327582,82.13800271743774,96.20200239151
265,7.987239654119033e-05,2.8662618380069733,0.7847780251108548,81.9280025933838,96.06000243774415,0.7843774394953952,82.14200270767212,96.20600232315063
266,7.608747563528375e-05,2.8563185775995255,0.7893504390821737,81.96800239852905,96.09000259124755,0.7835269338067841,82.1640026979065,96.20400245986939
267,7.240442045556889e-05,2.854956812787056,0.7850350343129214,81.96800256027221,96.06200265960693,0.7831904559450991,82.20200247329711,96.20000252822877
268,6.88236348905455e-05,2.8588047184467316,0.7910323877106694,82.01400228576661,96.07200249526977,0.7831009190310451,82.198002424469,96.22200251846313
269,6.534551161370628e-05,2.856896421658993,0.7905278188340804,82.01800252655029,96.11600284957886,0.7825631065403714,82.21200249282838,96.22400252822877
270,6.197043204046255e-05,2.8505158791661263,0.7849644823547672,82.03000265777588,96.13200237106324,0.782060997451053,82.20600252212525,96.22800245285035
271,5.869876628632201e-05,2.8485845916986468,0.7852472735240179,82.05200234085083,96.1180023248291,0.7818811481051585,82.1820026979065,96.23000253540039
272,5.553087312630486e-05,2.853977829229832,0.7781844736241242,82.06800249893189,96.2020026248169,0.7814569123746717,82.20600261703491,96.23600254241943
273,5.246709995559292e-05,2.844163018012047,0.7829124982304433,82.07600250869751,96.16800244384766,0.7810038023573511,82.21600237289428,96.23800243499755
274,4.950778275144144e-05,2.848371639251709,0.7832917939214146,82.12200241073609,96.19400253540039,0.7802237973493689,82.20200253890991,96.24200246963501
275,4.665324603633065e-05,2.8366780686259268,0.781262015704723,82.22800289337158,96.17800254516601,0.7801167737035191,82.24200258773804,96.23600259399414
276,4.390380284237726e-05,2.836158556866646,0.7834179102278808,82.13200254165649,96.13400262329101,0.7798030522158917,82.21000266586304,96.23200258956909
277,4.125975467701264e-05,2.8377324087858202,0.790730340515866,82.14400263656616,96.17400234268189,0.7793252779280438,82.23000252212525,96.22000263305664
278,3.8721391489911965e-05,2.8343084503531455,0.7861738707870245,82.16400246368408,96.17400253967286,0.7790265833849416,82.2580025416565,96.22000258956909
279,3.6288991641205554e-05,2.829895302939415,0.7754094012300757,82.22800235794067,96.20400263565064,0.778874472988879,82.26400268814086,96.23400251052857
280,3.396282187094605e-05,2.8223889961361883,0.7823553755879402,82.21400236343383,96.14000276977539,0.7785705001476932,82.24600251235962,96.22400252029419
281,3.174313726986316e-05,2.829159845983982,0.7763565381002777,82.18800255264283,96.16400260803222,0.7783783477018861,82.2640023072815,96.21200256469727
282,2.963018125138695e-05,2.8133377175211907,0.7751854413791615,82.20800255447388,96.15000266387939,0.7782002001562539,82.2600023979187,96.21600246704102
283,2.7624185524954915e-05,2.829216512799263,0.7762031114714987,82.176002734375,96.13800259841919,0.7776858698138419,82.2620023197937,96.22000251586914
284,2.5725370070604652e-05,2.8134864066123964,0.7764318490072208,82.20800219558716,96.1560024154663,0.7769837597494617,82.2580023588562,96.20400255493163
285,2.393394311484729e-05,2.8278648990631106,0.7813207213492954,82.22600261184692,96.11400243759155,0.7768496143467286,82.2880024760437,96.21400242797851
286,2.2250101107838334e-05,2.8232208276152613,0.7758973520249128,82.27600244674683,96.2020026248169,0.7766805191469544,82.28200235183716,96.20800243499755
287,2.06740287018269e-05,2.815114174103737,0.775179968599011,82.3100025541687,96.19000273498536,0.7761897210250882,82.28800246902466,96.20600245452881
288,1.92058987309138e-05,2.8138831596016884,0.7761692530749476,82.21200255157471,96.16800260635377,0.7759804453919915,82.27000249832153,96.21600247406006
289,1.7845872192094728e-05,2.817417366707325,0.7730540316551924,82.26800271484375,96.20200250061035,0.7758016772568226,82.2740026057434,96.21600256195069
290,1.6594098227605466e-05,2.810385488283634,0.7748341780594167,82.3240024458313,96.22000269866943,0.7755147763254011,82.2680026057434,96.20400258422852
291,1.5450714108568132e-05,2.8129431154847144,0.7762734860400943,82.32200257644654,96.19000266220092,0.775182553621776,82.31000251785278,96.19400260101318
292,1.4415845219935372e-05,2.814397950685024,0.7737440715598709,82.28400272018433,96.20600259384155,0.7750700132592636,82.2940025276184,96.19800259124756
293,1.3489605046743062e-05,2.818017945432663,0.7743445509935126,82.24200239089966,96.19200256179809,0.774638133123517,82.2940025276184,96.20600248382569
294,1.2672095161664185e-05,2.8127274298548697,0.7742068319417098,82.25200235183716,96.19000268356324,0.7745459923411117,82.30200250808716,96.21000259124756
295,1.1963405213869702e-05,2.812870584487915,0.7759334676186828,82.34200255691529,96.22600259567261,0.7742756350952036,82.30800263229371,96.21200265960694
296,1.1363612919199186e-05,2.815435472011566,0.7765860076555434,82.31800253463746,96.18400259658813,0.774181473233244,82.30800272018432,96.21200257171631
297,1.0872784051635796e-05,2.8160281252384185,0.7762407178387922,82.36000260040284,96.20800264709473,0.7740410179557169,82.3240025932312,96.22400260803222
298,1.0490972436097076e-05,2.8119104359984397,0.7747587304124061,82.40600261291505,96.19600280075073,0.7742342063609291,82.33400251785278,96.2220025982666
299,1.0218219942528794e-05,2.814595723569393,0.7711559337947298,82.41000253738403,96.22000259552001,0.7740226486588225,82.33400240066528,96.2140025592041
